Conference : ,Les légume sur la santé          
Presentation                      
Date,Heure,Dur�e,Salle   ,NombeDePlace
2022-10-10,12:10:00,02:00:00,A10,30


Conference : ,Les fast food          
Presentation                      
Date,Heure,Dur�e,Salle   ,NombeDePlace


Conference : ,Le bancok sur la santé          
Presentation                      
Date,Heure,Dur�e,Salle   ,NombeDePlace


Conference : ,L          
Presentation                      
Date,Heure,Dur�e,Salle   ,NombeDePlace


Conference : ,Huile          
Presentation                      
Date,Heure,Dur�e,Salle   ,NombeDePlace


